{
    "root_group": {
        "name": "",
        "path": "",
        "id": "d41d8cd98f00b204e9800998ecf8427e",
        "groups": {},
        "checks": {}
    },
    "metrics": {
        "http_req_tls_handshaking": {
            "med": 0,
            "max": 0,
            "p(90)": 0,
            "p(95)": 0,
            "avg": 0,
            "min": 0
        },
        "http_req_duration": {
            "avg": 45.40987725000008,
            "min": 0.5235,
            "med": 7.7954,
            "max": 2531.5854,
            "p(90)": 16.44778,
            "p(95)": 29.583235
        },
        "http_req_duration{expected_response:true}": {
            "p(95)": 29.583235,
            "avg": 45.40987725000008,
            "min": 0.5235,
            "med": 7.7954,
            "max": 2531.5854,
            "p(90)": 16.44778
        },
        "http_req_blocked": {
            "avg": 0.34295224999999996,
            "min": 0,
            "med": 0,
            "max": 11.217,
            "p(90)": 0,
            "p(95)": 0
        },
        "http_req_waiting": {
            "avg": 43.53040237499994,
            "min": 0.504,
            "med": 5.9259,
            "max": 2531.0557,
            "p(90)": 13.488480000000003,
            "p(95)": 19.350819999999985
        },
        "vus_max": {
            "value": 30,
            "min": 30,
            "max": 30
        },
        "http_req_failed": {
            "passes": 0,
            "fails": 800,
            "value": 0
        },
        "http_req_sending": {
            "avg": 0.08492137500000001,
            "min": 0,
            "med": 0,
            "max": 4.0603,
            "p(90)": 0,
            "p(95)": 0.5143099999999999
        },
        "data_received": {
            "count": 8065441,
            "rate": 388556.74737328687
        },
        "vus": {
            "value": 10,
            "min": 10,
            "max": 20
        },
        "http_reqs": {
            "count": 800,
            "rate": 38.54040937112174
        },
        "iteration_duration": {
            "p(95)": 2579.1653,
            "avg": 1126.0225166666664,
            "min": 2.9128,
            "med": 1049.00395,
            "max": 3560.9678,
            "p(90)": 2035.4931900000001
        },
        "http_req_receiving": {
            "avg": 1.7945534999999992,
            "min": 0,
            "med": 0.6319,
            "max": 15.5938,
            "p(90)": 5.54928,
            "p(95)": 6.988364999999999
        },
        "data_sent": {
            "rate": 4823.380408307599,
            "count": 100121
        },
        "iterations": {
            "rate": 14.452653514170652,
            "count": 300
        },
        "http_req_connecting": {
            "min": 0,
            "med": 0,
            "max": 3.2489,
            "p(90)": 0,
            "p(95)": 0,
            "avg": 0.02954625000000001
        }
    }
}